Attribute,Rulex,SHAP,LIME,Rulex_rank,SHAP_rank,LIME_rank
adhesion,0.0301775528,0.0224232848,0.0450475974,5,2,2
chromatin,0.0,0.0503422313,0.0763279991,1,6,4
mitosis,0.0,0.0058594544,0.0395781694,1,1,1
nuclei,0.0204830743,0.0852814006,0.1818305476,4,7,9
nucleoli,0.0,0.0367065366,0.0917009229,1,4,5
shape,0.3514117958,0.1086182995,0.1290327566,6,9,7
single,0.0,0.0259424158,0.0673175006,1,3,3
size,0.0078676067,0.1010696012,0.136016296,3,8,8
thickness,0.0035375764,0.0487934889,0.1117477592,2,5,6
